State	t_test_greater	caste
E5	5.99623655067972e-15	drone
E8	1.62355104432446e-38	drone
E13	6.08569892566171e-07	drone
E15	2.01930015573504e-11	drone
E16	8.50437919209719e-15	drone
E5	5.27547820969672e-11	queen
E7	4.09767052490825e-05	queen
E8	4.49472014640532e-27	queen
E13	3.33194573526037e-21	queen
E16	0.00190537143088957	queen
E23	0.0373580925132199	queen
E5	5.91305322121962e-16	worker
E8	2.77102032044008e-53	worker
E13	1.74560745342653e-16	worker
